<?xml version="1.0" encoding="UTF-8"?>

<!DOCTYPE hibernate-mapping PUBLIC 
    "-//Hibernate/Hibernate Mapping DTD 3.0//EN"
    "http://www.hibernate.org/dtd/hibernate-mapping-3.0.dtd">
    
   	<hibernate-mapping package="com.railway">
   		<class name="CrossingModel">
   			<id name="cmid" column="cmid">
   				<generator class="increment"></generator>
   			</id>
   			<property name="cname"></property>
   			<property name="address"></property>
   			<property name="landmark"></property>
   			<property name="trainSchedules"></property>
   			<property name="inchargeName"></property>
   			<property name="status"></property>
   		</class>
   	</hibernate-mapping>