<?xml version="1.0" encoding="UTF-8"?>

<!DOCTYPE hibernate-mapping PUBLIC 
    "-//Hibernate/Hibernate Mapping DTD 3.0//EN"
    "http://www.hibernate.org/dtd/hibernate-mapping-3.0.dtd">
    
   	<hibernate-mapping package="com.railway">
   		<class name="User">
   			<id name="uid" column="uid">
   				<generator class="increment"></generator>
   			</id>
   			<property name="uname" column="uname"></property>
   			<property name="password"></property>
   			<property name="email"></property>
   		</class>
   	</hibernate-mapping>